__run_id,__done,ros_package,msg_interval,language,exec_time,num_clients
run_0_repetition_0,DONE,simple_service_client,0.05,py,180,1
run_1_repetition_0,DONE,simple_service_client,0.05,py,180,2
run_2_repetition_0,DONE,simple_service_client,0.05,py,180,3
run_3_repetition_0,DONE,simple_service_client,0.05,cpp,180,1
run_4_repetition_0,DONE,simple_service_client,0.05,cpp,180,2
run_5_repetition_0,DONE,simple_service_client,0.05,cpp,180,3
run_6_repetition_0,DONE,simple_service_client,0.1,py,180,1
run_7_repetition_0,DONE,simple_service_client,0.1,py,180,2
run_8_repetition_0,DONE,simple_service_client,0.1,py,180,3
run_9_repetition_0,DONE,simple_service_client,0.1,cpp,180,1
run_10_repetition_0,DONE,simple_service_client,0.1,cpp,180,2
run_11_repetition_0,DONE,simple_service_client,0.1,cpp,180,3
run_12_repetition_0,DONE,simple_service_client,0.25,py,180,1
run_13_repetition_0,DONE,simple_service_client,0.25,py,180,2
run_14_repetition_0,DONE,simple_service_client,0.25,py,180,3
run_15_repetition_0,DONE,simple_service_client,0.25,cpp,180,1
run_16_repetition_0,DONE,simple_service_client,0.25,cpp,180,2
run_17_repetition_0,DONE,simple_service_client,0.25,cpp,180,3
run_18_repetition_0,DONE,simple_service_client,0.5,py,180,1
run_19_repetition_0,DONE,simple_service_client,0.5,py,180,2
run_20_repetition_0,DONE,simple_service_client,0.5,py,180,3
run_21_repetition_0,DONE,simple_service_client,0.5,cpp,180,1
run_22_repetition_0,DONE,simple_service_client,0.5,cpp,180,2
run_23_repetition_0,DONE,simple_service_client,0.5,cpp,180,3
run_24_repetition_0,DONE,simple_service_client,1.0,py,180,1
run_25_repetition_0,DONE,simple_service_client,1.0,py,180,2
run_26_repetition_0,DONE,simple_service_client,1.0,py,180,3
run_27_repetition_0,DONE,simple_service_client,1.0,cpp,180,1
run_28_repetition_0,DONE,simple_service_client,1.0,cpp,180,2
run_29_repetition_0,DONE,simple_service_client,1.0,cpp,180,3
run_0_repetition_1,DONE,simple_service_client,0.05,py,180,1
run_1_repetition_1,DONE,simple_service_client,0.05,py,180,2
run_2_repetition_1,DONE,simple_service_client,0.05,py,180,3
run_3_repetition_1,DONE,simple_service_client,0.05,cpp,180,1
run_4_repetition_1,DONE,simple_service_client,0.05,cpp,180,2
run_5_repetition_1,DONE,simple_service_client,0.05,cpp,180,3
run_6_repetition_1,DONE,simple_service_client,0.1,py,180,1
run_7_repetition_1,DONE,simple_service_client,0.1,py,180,2
run_8_repetition_1,DONE,simple_service_client,0.1,py,180,3
run_9_repetition_1,DONE,simple_service_client,0.1,cpp,180,1
run_10_repetition_1,DONE,simple_service_client,0.1,cpp,180,2
run_11_repetition_1,DONE,simple_service_client,0.1,cpp,180,3
run_12_repetition_1,DONE,simple_service_client,0.25,py,180,1
run_13_repetition_1,DONE,simple_service_client,0.25,py,180,2
run_14_repetition_1,DONE,simple_service_client,0.25,py,180,3
run_15_repetition_1,DONE,simple_service_client,0.25,cpp,180,1
run_16_repetition_1,DONE,simple_service_client,0.25,cpp,180,2
run_17_repetition_1,DONE,simple_service_client,0.25,cpp,180,3
run_18_repetition_1,DONE,simple_service_client,0.5,py,180,1
run_19_repetition_1,DONE,simple_service_client,0.5,py,180,2
run_20_repetition_1,DONE,simple_service_client,0.5,py,180,3
run_21_repetition_1,DONE,simple_service_client,0.5,cpp,180,1
run_22_repetition_1,DONE,simple_service_client,0.5,cpp,180,2
run_23_repetition_1,DONE,simple_service_client,0.5,cpp,180,3
run_24_repetition_1,DONE,simple_service_client,1.0,py,180,1
run_25_repetition_1,DONE,simple_service_client,1.0,py,180,2
run_26_repetition_1,DONE,simple_service_client,1.0,py,180,3
run_27_repetition_1,DONE,simple_service_client,1.0,cpp,180,1
run_28_repetition_1,DONE,simple_service_client,1.0,cpp,180,2
run_29_repetition_1,DONE,simple_service_client,1.0,cpp,180,3
run_0_repetition_2,DONE,simple_service_client,0.05,py,180,1
run_1_repetition_2,DONE,simple_service_client,0.05,py,180,2
run_2_repetition_2,DONE,simple_service_client,0.05,py,180,3
run_3_repetition_2,DONE,simple_service_client,0.05,cpp,180,1
run_4_repetition_2,DONE,simple_service_client,0.05,cpp,180,2
run_5_repetition_2,DONE,simple_service_client,0.05,cpp,180,3
run_6_repetition_2,DONE,simple_service_client,0.1,py,180,1
run_7_repetition_2,DONE,simple_service_client,0.1,py,180,2
run_8_repetition_2,DONE,simple_service_client,0.1,py,180,3
run_9_repetition_2,DONE,simple_service_client,0.1,cpp,180,1
run_10_repetition_2,DONE,simple_service_client,0.1,cpp,180,2
run_11_repetition_2,DONE,simple_service_client,0.1,cpp,180,3
run_12_repetition_2,DONE,simple_service_client,0.25,py,180,1
run_13_repetition_2,DONE,simple_service_client,0.25,py,180,2
run_14_repetition_2,DONE,simple_service_client,0.25,py,180,3
run_15_repetition_2,DONE,simple_service_client,0.25,cpp,180,1
run_16_repetition_2,DONE,simple_service_client,0.25,cpp,180,2
run_17_repetition_2,DONE,simple_service_client,0.25,cpp,180,3
run_18_repetition_2,DONE,simple_service_client,0.5,py,180,1
run_19_repetition_2,DONE,simple_service_client,0.5,py,180,2
run_20_repetition_2,DONE,simple_service_client,0.5,py,180,3
run_21_repetition_2,DONE,simple_service_client,0.5,cpp,180,1
run_22_repetition_2,DONE,simple_service_client,0.5,cpp,180,2
run_23_repetition_2,DONE,simple_service_client,0.5,cpp,180,3
run_24_repetition_2,DONE,simple_service_client,1.0,py,180,1
run_25_repetition_2,DONE,simple_service_client,1.0,py,180,2
run_26_repetition_2,DONE,simple_service_client,1.0,py,180,3
run_27_repetition_2,DONE,simple_service_client,1.0,cpp,180,1
run_28_repetition_2,DONE,simple_service_client,1.0,cpp,180,2
run_29_repetition_2,DONE,simple_service_client,1.0,cpp,180,3
run_0_repetition_3,DONE,simple_service_client,0.05,py,180,1
run_1_repetition_3,DONE,simple_service_client,0.05,py,180,2
run_2_repetition_3,DONE,simple_service_client,0.05,py,180,3
run_3_repetition_3,DONE,simple_service_client,0.05,cpp,180,1
run_4_repetition_3,DONE,simple_service_client,0.05,cpp,180,2
run_5_repetition_3,DONE,simple_service_client,0.05,cpp,180,3
run_6_repetition_3,DONE,simple_service_client,0.1,py,180,1
run_7_repetition_3,DONE,simple_service_client,0.1,py,180,2
run_8_repetition_3,DONE,simple_service_client,0.1,py,180,3
run_9_repetition_3,DONE,simple_service_client,0.1,cpp,180,1
run_10_repetition_3,DONE,simple_service_client,0.1,cpp,180,2
run_11_repetition_3,DONE,simple_service_client,0.1,cpp,180,3
run_12_repetition_3,DONE,simple_service_client,0.25,py,180,1
run_13_repetition_3,DONE,simple_service_client,0.25,py,180,2
run_14_repetition_3,DONE,simple_service_client,0.25,py,180,3
run_15_repetition_3,DONE,simple_service_client,0.25,cpp,180,1
run_16_repetition_3,DONE,simple_service_client,0.25,cpp,180,2
run_17_repetition_3,DONE,simple_service_client,0.25,cpp,180,3
run_18_repetition_3,DONE,simple_service_client,0.5,py,180,1
run_19_repetition_3,DONE,simple_service_client,0.5,py,180,2
run_20_repetition_3,DONE,simple_service_client,0.5,py,180,3
run_21_repetition_3,DONE,simple_service_client,0.5,cpp,180,1
run_22_repetition_3,DONE,simple_service_client,0.5,cpp,180,2
run_23_repetition_3,DONE,simple_service_client,0.5,cpp,180,3
run_24_repetition_3,DONE,simple_service_client,1.0,py,180,1
run_25_repetition_3,DONE,simple_service_client,1.0,py,180,2
run_26_repetition_3,TODO,simple_service_client,1.0,py,180,3
run_27_repetition_3,TODO,simple_service_client,1.0,cpp,180,1
run_28_repetition_3,TODO,simple_service_client,1.0,cpp,180,2
run_29_repetition_3,TODO,simple_service_client,1.0,cpp,180,3
run_0_repetition_4,TODO,simple_service_client,0.05,py,180,1
run_1_repetition_4,TODO,simple_service_client,0.05,py,180,2
run_2_repetition_4,TODO,simple_service_client,0.05,py,180,3
run_3_repetition_4,TODO,simple_service_client,0.05,cpp,180,1
run_4_repetition_4,TODO,simple_service_client,0.05,cpp,180,2
run_5_repetition_4,TODO,simple_service_client,0.05,cpp,180,3
run_6_repetition_4,TODO,simple_service_client,0.1,py,180,1
run_7_repetition_4,TODO,simple_service_client,0.1,py,180,2
run_8_repetition_4,TODO,simple_service_client,0.1,py,180,3
run_9_repetition_4,TODO,simple_service_client,0.1,cpp,180,1
run_10_repetition_4,TODO,simple_service_client,0.1,cpp,180,2
run_11_repetition_4,TODO,simple_service_client,0.1,cpp,180,3
run_12_repetition_4,TODO,simple_service_client,0.25,py,180,1
run_13_repetition_4,TODO,simple_service_client,0.25,py,180,2
run_14_repetition_4,TODO,simple_service_client,0.25,py,180,3
run_15_repetition_4,TODO,simple_service_client,0.25,cpp,180,1
run_16_repetition_4,TODO,simple_service_client,0.25,cpp,180,2
run_17_repetition_4,TODO,simple_service_client,0.25,cpp,180,3
run_18_repetition_4,TODO,simple_service_client,0.5,py,180,1
run_19_repetition_4,TODO,simple_service_client,0.5,py,180,2
run_20_repetition_4,TODO,simple_service_client,0.5,py,180,3
run_21_repetition_4,TODO,simple_service_client,0.5,cpp,180,1
run_22_repetition_4,TODO,simple_service_client,0.5,cpp,180,2
run_23_repetition_4,TODO,simple_service_client,0.5,cpp,180,3
run_24_repetition_4,TODO,simple_service_client,1.0,py,180,1
run_25_repetition_4,TODO,simple_service_client,1.0,py,180,2
run_26_repetition_4,TODO,simple_service_client,1.0,py,180,3
run_27_repetition_4,TODO,simple_service_client,1.0,cpp,180,1
run_28_repetition_4,TODO,simple_service_client,1.0,cpp,180,2
run_29_repetition_4,TODO,simple_service_client,1.0,cpp,180,3
run_0_repetition_5,TODO,simple_service_client,0.05,py,180,1
run_1_repetition_5,TODO,simple_service_client,0.05,py,180,2
run_2_repetition_5,TODO,simple_service_client,0.05,py,180,3
run_3_repetition_5,TODO,simple_service_client,0.05,cpp,180,1
run_4_repetition_5,TODO,simple_service_client,0.05,cpp,180,2
run_5_repetition_5,TODO,simple_service_client,0.05,cpp,180,3
run_6_repetition_5,TODO,simple_service_client,0.1,py,180,1
run_7_repetition_5,TODO,simple_service_client,0.1,py,180,2
run_8_repetition_5,TODO,simple_service_client,0.1,py,180,3
run_9_repetition_5,TODO,simple_service_client,0.1,cpp,180,1
run_10_repetition_5,TODO,simple_service_client,0.1,cpp,180,2
run_11_repetition_5,TODO,simple_service_client,0.1,cpp,180,3
run_12_repetition_5,TODO,simple_service_client,0.25,py,180,1
run_13_repetition_5,TODO,simple_service_client,0.25,py,180,2
run_14_repetition_5,TODO,simple_service_client,0.25,py,180,3
run_15_repetition_5,TODO,simple_service_client,0.25,cpp,180,1
run_16_repetition_5,TODO,simple_service_client,0.25,cpp,180,2
run_17_repetition_5,TODO,simple_service_client,0.25,cpp,180,3
run_18_repetition_5,TODO,simple_service_client,0.5,py,180,1
run_19_repetition_5,TODO,simple_service_client,0.5,py,180,2
run_20_repetition_5,TODO,simple_service_client,0.5,py,180,3
run_21_repetition_5,TODO,simple_service_client,0.5,cpp,180,1
run_22_repetition_5,TODO,simple_service_client,0.5,cpp,180,2
run_23_repetition_5,TODO,simple_service_client,0.5,cpp,180,3
run_24_repetition_5,TODO,simple_service_client,1.0,py,180,1
run_25_repetition_5,TODO,simple_service_client,1.0,py,180,2
run_26_repetition_5,TODO,simple_service_client,1.0,py,180,3
run_27_repetition_5,TODO,simple_service_client,1.0,cpp,180,1
run_28_repetition_5,TODO,simple_service_client,1.0,cpp,180,2
run_29_repetition_5,TODO,simple_service_client,1.0,cpp,180,3
run_0_repetition_6,TODO,simple_service_client,0.05,py,180,1
run_1_repetition_6,TODO,simple_service_client,0.05,py,180,2
run_2_repetition_6,TODO,simple_service_client,0.05,py,180,3
run_3_repetition_6,TODO,simple_service_client,0.05,cpp,180,1
run_4_repetition_6,TODO,simple_service_client,0.05,cpp,180,2
run_5_repetition_6,TODO,simple_service_client,0.05,cpp,180,3
run_6_repetition_6,TODO,simple_service_client,0.1,py,180,1
run_7_repetition_6,TODO,simple_service_client,0.1,py,180,2
run_8_repetition_6,TODO,simple_service_client,0.1,py,180,3
run_9_repetition_6,TODO,simple_service_client,0.1,cpp,180,1
run_10_repetition_6,TODO,simple_service_client,0.1,cpp,180,2
run_11_repetition_6,TODO,simple_service_client,0.1,cpp,180,3
run_12_repetition_6,TODO,simple_service_client,0.25,py,180,1
run_13_repetition_6,TODO,simple_service_client,0.25,py,180,2
run_14_repetition_6,TODO,simple_service_client,0.25,py,180,3
run_15_repetition_6,TODO,simple_service_client,0.25,cpp,180,1
run_16_repetition_6,TODO,simple_service_client,0.25,cpp,180,2
run_17_repetition_6,TODO,simple_service_client,0.25,cpp,180,3
run_18_repetition_6,TODO,simple_service_client,0.5,py,180,1
run_19_repetition_6,TODO,simple_service_client,0.5,py,180,2
run_20_repetition_6,TODO,simple_service_client,0.5,py,180,3
run_21_repetition_6,TODO,simple_service_client,0.5,cpp,180,1
run_22_repetition_6,TODO,simple_service_client,0.5,cpp,180,2
run_23_repetition_6,TODO,simple_service_client,0.5,cpp,180,3
run_24_repetition_6,TODO,simple_service_client,1.0,py,180,1
run_25_repetition_6,TODO,simple_service_client,1.0,py,180,2
run_26_repetition_6,TODO,simple_service_client,1.0,py,180,3
run_27_repetition_6,TODO,simple_service_client,1.0,cpp,180,1
run_28_repetition_6,TODO,simple_service_client,1.0,cpp,180,2
run_29_repetition_6,TODO,simple_service_client,1.0,cpp,180,3
run_0_repetition_7,TODO,simple_service_client,0.05,py,180,1
run_1_repetition_7,TODO,simple_service_client,0.05,py,180,2
run_2_repetition_7,TODO,simple_service_client,0.05,py,180,3
run_3_repetition_7,TODO,simple_service_client,0.05,cpp,180,1
run_4_repetition_7,TODO,simple_service_client,0.05,cpp,180,2
run_5_repetition_7,TODO,simple_service_client,0.05,cpp,180,3
run_6_repetition_7,TODO,simple_service_client,0.1,py,180,1
run_7_repetition_7,TODO,simple_service_client,0.1,py,180,2
run_8_repetition_7,TODO,simple_service_client,0.1,py,180,3
run_9_repetition_7,TODO,simple_service_client,0.1,cpp,180,1
run_10_repetition_7,TODO,simple_service_client,0.1,cpp,180,2
run_11_repetition_7,TODO,simple_service_client,0.1,cpp,180,3
run_12_repetition_7,TODO,simple_service_client,0.25,py,180,1
run_13_repetition_7,TODO,simple_service_client,0.25,py,180,2
run_14_repetition_7,TODO,simple_service_client,0.25,py,180,3
run_15_repetition_7,TODO,simple_service_client,0.25,cpp,180,1
run_16_repetition_7,TODO,simple_service_client,0.25,cpp,180,2
run_17_repetition_7,TODO,simple_service_client,0.25,cpp,180,3
run_18_repetition_7,TODO,simple_service_client,0.5,py,180,1
run_19_repetition_7,TODO,simple_service_client,0.5,py,180,2
run_20_repetition_7,TODO,simple_service_client,0.5,py,180,3
run_21_repetition_7,TODO,simple_service_client,0.5,cpp,180,1
run_22_repetition_7,TODO,simple_service_client,0.5,cpp,180,2
run_23_repetition_7,TODO,simple_service_client,0.5,cpp,180,3
run_24_repetition_7,TODO,simple_service_client,1.0,py,180,1
run_25_repetition_7,TODO,simple_service_client,1.0,py,180,2
run_26_repetition_7,TODO,simple_service_client,1.0,py,180,3
run_27_repetition_7,TODO,simple_service_client,1.0,cpp,180,1
run_28_repetition_7,TODO,simple_service_client,1.0,cpp,180,2
run_29_repetition_7,TODO,simple_service_client,1.0,cpp,180,3
run_0_repetition_8,TODO,simple_service_client,0.05,py,180,1
run_1_repetition_8,TODO,simple_service_client,0.05,py,180,2
run_2_repetition_8,TODO,simple_service_client,0.05,py,180,3
run_3_repetition_8,TODO,simple_service_client,0.05,cpp,180,1
run_4_repetition_8,TODO,simple_service_client,0.05,cpp,180,2
run_5_repetition_8,TODO,simple_service_client,0.05,cpp,180,3
run_6_repetition_8,TODO,simple_service_client,0.1,py,180,1
run_7_repetition_8,TODO,simple_service_client,0.1,py,180,2
run_8_repetition_8,TODO,simple_service_client,0.1,py,180,3
run_9_repetition_8,TODO,simple_service_client,0.1,cpp,180,1
run_10_repetition_8,TODO,simple_service_client,0.1,cpp,180,2
run_11_repetition_8,TODO,simple_service_client,0.1,cpp,180,3
run_12_repetition_8,TODO,simple_service_client,0.25,py,180,1
run_13_repetition_8,TODO,simple_service_client,0.25,py,180,2
run_14_repetition_8,TODO,simple_service_client,0.25,py,180,3
run_15_repetition_8,TODO,simple_service_client,0.25,cpp,180,1
run_16_repetition_8,TODO,simple_service_client,0.25,cpp,180,2
run_17_repetition_8,TODO,simple_service_client,0.25,cpp,180,3
run_18_repetition_8,TODO,simple_service_client,0.5,py,180,1
run_19_repetition_8,TODO,simple_service_client,0.5,py,180,2
run_20_repetition_8,TODO,simple_service_client,0.5,py,180,3
run_21_repetition_8,TODO,simple_service_client,0.5,cpp,180,1
run_22_repetition_8,TODO,simple_service_client,0.5,cpp,180,2
run_23_repetition_8,TODO,simple_service_client,0.5,cpp,180,3
run_24_repetition_8,TODO,simple_service_client,1.0,py,180,1
run_25_repetition_8,TODO,simple_service_client,1.0,py,180,2
run_26_repetition_8,TODO,simple_service_client,1.0,py,180,3
run_27_repetition_8,TODO,simple_service_client,1.0,cpp,180,1
run_28_repetition_8,TODO,simple_service_client,1.0,cpp,180,2
run_29_repetition_8,TODO,simple_service_client,1.0,cpp,180,3
run_0_repetition_9,TODO,simple_service_client,0.05,py,180,1
run_1_repetition_9,TODO,simple_service_client,0.05,py,180,2
run_2_repetition_9,TODO,simple_service_client,0.05,py,180,3
run_3_repetition_9,TODO,simple_service_client,0.05,cpp,180,1
run_4_repetition_9,TODO,simple_service_client,0.05,cpp,180,2
run_5_repetition_9,TODO,simple_service_client,0.05,cpp,180,3
run_6_repetition_9,TODO,simple_service_client,0.1,py,180,1
run_7_repetition_9,TODO,simple_service_client,0.1,py,180,2
run_8_repetition_9,TODO,simple_service_client,0.1,py,180,3
run_9_repetition_9,TODO,simple_service_client,0.1,cpp,180,1
run_10_repetition_9,TODO,simple_service_client,0.1,cpp,180,2
run_11_repetition_9,TODO,simple_service_client,0.1,cpp,180,3
run_12_repetition_9,TODO,simple_service_client,0.25,py,180,1
run_13_repetition_9,TODO,simple_service_client,0.25,py,180,2
run_14_repetition_9,TODO,simple_service_client,0.25,py,180,3
run_15_repetition_9,TODO,simple_service_client,0.25,cpp,180,1
run_16_repetition_9,TODO,simple_service_client,0.25,cpp,180,2
run_17_repetition_9,TODO,simple_service_client,0.25,cpp,180,3
run_18_repetition_9,TODO,simple_service_client,0.5,py,180,1
run_19_repetition_9,TODO,simple_service_client,0.5,py,180,2
run_20_repetition_9,TODO,simple_service_client,0.5,py,180,3
run_21_repetition_9,TODO,simple_service_client,0.5,cpp,180,1
run_22_repetition_9,TODO,simple_service_client,0.5,cpp,180,2
run_23_repetition_9,TODO,simple_service_client,0.5,cpp,180,3
run_24_repetition_9,TODO,simple_service_client,1.0,py,180,1
run_25_repetition_9,TODO,simple_service_client,1.0,py,180,2
run_26_repetition_9,TODO,simple_service_client,1.0,py,180,3
run_27_repetition_9,TODO,simple_service_client,1.0,cpp,180,1
run_28_repetition_9,TODO,simple_service_client,1.0,cpp,180,2
run_29_repetition_9,TODO,simple_service_client,1.0,cpp,180,3
run_0_repetition_10,TODO,simple_service_client,0.05,py,180,1
run_1_repetition_10,TODO,simple_service_client,0.05,py,180,2
run_2_repetition_10,TODO,simple_service_client,0.05,py,180,3
run_3_repetition_10,TODO,simple_service_client,0.05,cpp,180,1
run_4_repetition_10,TODO,simple_service_client,0.05,cpp,180,2
run_5_repetition_10,TODO,simple_service_client,0.05,cpp,180,3
run_6_repetition_10,TODO,simple_service_client,0.1,py,180,1
run_7_repetition_10,TODO,simple_service_client,0.1,py,180,2
run_8_repetition_10,TODO,simple_service_client,0.1,py,180,3
run_9_repetition_10,TODO,simple_service_client,0.1,cpp,180,1
run_10_repetition_10,TODO,simple_service_client,0.1,cpp,180,2
run_11_repetition_10,TODO,simple_service_client,0.1,cpp,180,3
run_12_repetition_10,TODO,simple_service_client,0.25,py,180,1
run_13_repetition_10,TODO,simple_service_client,0.25,py,180,2
run_14_repetition_10,TODO,simple_service_client,0.25,py,180,3
run_15_repetition_10,TODO,simple_service_client,0.25,cpp,180,1
run_16_repetition_10,TODO,simple_service_client,0.25,cpp,180,2
run_17_repetition_10,TODO,simple_service_client,0.25,cpp,180,3
run_18_repetition_10,TODO,simple_service_client,0.5,py,180,1
run_19_repetition_10,TODO,simple_service_client,0.5,py,180,2
run_20_repetition_10,TODO,simple_service_client,0.5,py,180,3
run_21_repetition_10,TODO,simple_service_client,0.5,cpp,180,1
run_22_repetition_10,TODO,simple_service_client,0.5,cpp,180,2
run_23_repetition_10,TODO,simple_service_client,0.5,cpp,180,3
run_24_repetition_10,TODO,simple_service_client,1.0,py,180,1
run_25_repetition_10,TODO,simple_service_client,1.0,py,180,2
run_26_repetition_10,TODO,simple_service_client,1.0,py,180,3
run_27_repetition_10,TODO,simple_service_client,1.0,cpp,180,1
run_28_repetition_10,TODO,simple_service_client,1.0,cpp,180,2
run_29_repetition_10,TODO,simple_service_client,1.0,cpp,180,3
run_0_repetition_11,TODO,simple_service_client,0.05,py,180,1
run_1_repetition_11,TODO,simple_service_client,0.05,py,180,2
run_2_repetition_11,TODO,simple_service_client,0.05,py,180,3
run_3_repetition_11,TODO,simple_service_client,0.05,cpp,180,1
run_4_repetition_11,TODO,simple_service_client,0.05,cpp,180,2
run_5_repetition_11,TODO,simple_service_client,0.05,cpp,180,3
run_6_repetition_11,TODO,simple_service_client,0.1,py,180,1
run_7_repetition_11,TODO,simple_service_client,0.1,py,180,2
run_8_repetition_11,TODO,simple_service_client,0.1,py,180,3
run_9_repetition_11,TODO,simple_service_client,0.1,cpp,180,1
run_10_repetition_11,TODO,simple_service_client,0.1,cpp,180,2
run_11_repetition_11,TODO,simple_service_client,0.1,cpp,180,3
run_12_repetition_11,TODO,simple_service_client,0.25,py,180,1
run_13_repetition_11,TODO,simple_service_client,0.25,py,180,2
run_14_repetition_11,TODO,simple_service_client,0.25,py,180,3
run_15_repetition_11,TODO,simple_service_client,0.25,cpp,180,1
run_16_repetition_11,TODO,simple_service_client,0.25,cpp,180,2
run_17_repetition_11,TODO,simple_service_client,0.25,cpp,180,3
run_18_repetition_11,TODO,simple_service_client,0.5,py,180,1
run_19_repetition_11,TODO,simple_service_client,0.5,py,180,2
run_20_repetition_11,TODO,simple_service_client,0.5,py,180,3
run_21_repetition_11,TODO,simple_service_client,0.5,cpp,180,1
run_22_repetition_11,TODO,simple_service_client,0.5,cpp,180,2
run_23_repetition_11,TODO,simple_service_client,0.5,cpp,180,3
run_24_repetition_11,TODO,simple_service_client,1.0,py,180,1
run_25_repetition_11,TODO,simple_service_client,1.0,py,180,2
run_26_repetition_11,TODO,simple_service_client,1.0,py,180,3
run_27_repetition_11,TODO,simple_service_client,1.0,cpp,180,1
run_28_repetition_11,TODO,simple_service_client,1.0,cpp,180,2
run_29_repetition_11,TODO,simple_service_client,1.0,cpp,180,3
run_0_repetition_12,TODO,simple_service_client,0.05,py,180,1
run_1_repetition_12,TODO,simple_service_client,0.05,py,180,2
run_2_repetition_12,TODO,simple_service_client,0.05,py,180,3
run_3_repetition_12,TODO,simple_service_client,0.05,cpp,180,1
run_4_repetition_12,TODO,simple_service_client,0.05,cpp,180,2
run_5_repetition_12,TODO,simple_service_client,0.05,cpp,180,3
run_6_repetition_12,TODO,simple_service_client,0.1,py,180,1
run_7_repetition_12,TODO,simple_service_client,0.1,py,180,2
run_8_repetition_12,TODO,simple_service_client,0.1,py,180,3
run_9_repetition_12,TODO,simple_service_client,0.1,cpp,180,1
run_10_repetition_12,TODO,simple_service_client,0.1,cpp,180,2
run_11_repetition_12,TODO,simple_service_client,0.1,cpp,180,3
run_12_repetition_12,TODO,simple_service_client,0.25,py,180,1
run_13_repetition_12,TODO,simple_service_client,0.25,py,180,2
run_14_repetition_12,TODO,simple_service_client,0.25,py,180,3
run_15_repetition_12,TODO,simple_service_client,0.25,cpp,180,1
run_16_repetition_12,TODO,simple_service_client,0.25,cpp,180,2
run_17_repetition_12,TODO,simple_service_client,0.25,cpp,180,3
run_18_repetition_12,TODO,simple_service_client,0.5,py,180,1
run_19_repetition_12,TODO,simple_service_client,0.5,py,180,2
run_20_repetition_12,TODO,simple_service_client,0.5,py,180,3
run_21_repetition_12,TODO,simple_service_client,0.5,cpp,180,1
run_22_repetition_12,TODO,simple_service_client,0.5,cpp,180,2
run_23_repetition_12,TODO,simple_service_client,0.5,cpp,180,3
run_24_repetition_12,TODO,simple_service_client,1.0,py,180,1
run_25_repetition_12,TODO,simple_service_client,1.0,py,180,2
run_26_repetition_12,TODO,simple_service_client,1.0,py,180,3
run_27_repetition_12,TODO,simple_service_client,1.0,cpp,180,1
run_28_repetition_12,TODO,simple_service_client,1.0,cpp,180,2
run_29_repetition_12,TODO,simple_service_client,1.0,cpp,180,3
run_0_repetition_13,TODO,simple_service_client,0.05,py,180,1
run_1_repetition_13,TODO,simple_service_client,0.05,py,180,2
run_2_repetition_13,TODO,simple_service_client,0.05,py,180,3
run_3_repetition_13,TODO,simple_service_client,0.05,cpp,180,1
run_4_repetition_13,TODO,simple_service_client,0.05,cpp,180,2
run_5_repetition_13,TODO,simple_service_client,0.05,cpp,180,3
run_6_repetition_13,TODO,simple_service_client,0.1,py,180,1
run_7_repetition_13,TODO,simple_service_client,0.1,py,180,2
run_8_repetition_13,TODO,simple_service_client,0.1,py,180,3
run_9_repetition_13,TODO,simple_service_client,0.1,cpp,180,1
run_10_repetition_13,TODO,simple_service_client,0.1,cpp,180,2
run_11_repetition_13,TODO,simple_service_client,0.1,cpp,180,3
run_12_repetition_13,TODO,simple_service_client,0.25,py,180,1
run_13_repetition_13,TODO,simple_service_client,0.25,py,180,2
run_14_repetition_13,TODO,simple_service_client,0.25,py,180,3
run_15_repetition_13,TODO,simple_service_client,0.25,cpp,180,1
run_16_repetition_13,TODO,simple_service_client,0.25,cpp,180,2
run_17_repetition_13,TODO,simple_service_client,0.25,cpp,180,3
run_18_repetition_13,TODO,simple_service_client,0.5,py,180,1
run_19_repetition_13,TODO,simple_service_client,0.5,py,180,2
run_20_repetition_13,TODO,simple_service_client,0.5,py,180,3
run_21_repetition_13,TODO,simple_service_client,0.5,cpp,180,1
run_22_repetition_13,TODO,simple_service_client,0.5,cpp,180,2
run_23_repetition_13,TODO,simple_service_client,0.5,cpp,180,3
run_24_repetition_13,TODO,simple_service_client,1.0,py,180,1
run_25_repetition_13,TODO,simple_service_client,1.0,py,180,2
run_26_repetition_13,TODO,simple_service_client,1.0,py,180,3
run_27_repetition_13,TODO,simple_service_client,1.0,cpp,180,1
run_28_repetition_13,TODO,simple_service_client,1.0,cpp,180,2
run_29_repetition_13,TODO,simple_service_client,1.0,cpp,180,3
run_0_repetition_14,TODO,simple_service_client,0.05,py,180,1
run_1_repetition_14,TODO,simple_service_client,0.05,py,180,2
run_2_repetition_14,TODO,simple_service_client,0.05,py,180,3
run_3_repetition_14,TODO,simple_service_client,0.05,cpp,180,1
run_4_repetition_14,TODO,simple_service_client,0.05,cpp,180,2
run_5_repetition_14,TODO,simple_service_client,0.05,cpp,180,3
run_6_repetition_14,TODO,simple_service_client,0.1,py,180,1
run_7_repetition_14,TODO,simple_service_client,0.1,py,180,2
run_8_repetition_14,TODO,simple_service_client,0.1,py,180,3
run_9_repetition_14,TODO,simple_service_client,0.1,cpp,180,1
run_10_repetition_14,TODO,simple_service_client,0.1,cpp,180,2
run_11_repetition_14,TODO,simple_service_client,0.1,cpp,180,3
run_12_repetition_14,TODO,simple_service_client,0.25,py,180,1
run_13_repetition_14,TODO,simple_service_client,0.25,py,180,2
run_14_repetition_14,TODO,simple_service_client,0.25,py,180,3
run_15_repetition_14,TODO,simple_service_client,0.25,cpp,180,1
run_16_repetition_14,TODO,simple_service_client,0.25,cpp,180,2
run_17_repetition_14,TODO,simple_service_client,0.25,cpp,180,3
run_18_repetition_14,TODO,simple_service_client,0.5,py,180,1
run_19_repetition_14,TODO,simple_service_client,0.5,py,180,2
run_20_repetition_14,TODO,simple_service_client,0.5,py,180,3
run_21_repetition_14,TODO,simple_service_client,0.5,cpp,180,1
run_22_repetition_14,TODO,simple_service_client,0.5,cpp,180,2
run_23_repetition_14,TODO,simple_service_client,0.5,cpp,180,3
run_24_repetition_14,TODO,simple_service_client,1.0,py,180,1
run_25_repetition_14,TODO,simple_service_client,1.0,py,180,2
run_26_repetition_14,TODO,simple_service_client,1.0,py,180,3
run_27_repetition_14,TODO,simple_service_client,1.0,cpp,180,1
run_28_repetition_14,TODO,simple_service_client,1.0,cpp,180,2
run_29_repetition_14,TODO,simple_service_client,1.0,cpp,180,3
run_0_repetition_15,TODO,simple_service_client,0.05,py,180,1
run_1_repetition_15,TODO,simple_service_client,0.05,py,180,2
run_2_repetition_15,TODO,simple_service_client,0.05,py,180,3
run_3_repetition_15,TODO,simple_service_client,0.05,cpp,180,1
run_4_repetition_15,TODO,simple_service_client,0.05,cpp,180,2
run_5_repetition_15,TODO,simple_service_client,0.05,cpp,180,3
run_6_repetition_15,TODO,simple_service_client,0.1,py,180,1
run_7_repetition_15,TODO,simple_service_client,0.1,py,180,2
run_8_repetition_15,TODO,simple_service_client,0.1,py,180,3
run_9_repetition_15,TODO,simple_service_client,0.1,cpp,180,1
run_10_repetition_15,TODO,simple_service_client,0.1,cpp,180,2
run_11_repetition_15,TODO,simple_service_client,0.1,cpp,180,3
run_12_repetition_15,TODO,simple_service_client,0.25,py,180,1
run_13_repetition_15,TODO,simple_service_client,0.25,py,180,2
run_14_repetition_15,TODO,simple_service_client,0.25,py,180,3
run_15_repetition_15,TODO,simple_service_client,0.25,cpp,180,1
run_16_repetition_15,TODO,simple_service_client,0.25,cpp,180,2
run_17_repetition_15,TODO,simple_service_client,0.25,cpp,180,3
run_18_repetition_15,TODO,simple_service_client,0.5,py,180,1
run_19_repetition_15,TODO,simple_service_client,0.5,py,180,2
run_20_repetition_15,TODO,simple_service_client,0.5,py,180,3
run_21_repetition_15,TODO,simple_service_client,0.5,cpp,180,1
run_22_repetition_15,TODO,simple_service_client,0.5,cpp,180,2
run_23_repetition_15,TODO,simple_service_client,0.5,cpp,180,3
run_24_repetition_15,TODO,simple_service_client,1.0,py,180,1
run_25_repetition_15,TODO,simple_service_client,1.0,py,180,2
run_26_repetition_15,TODO,simple_service_client,1.0,py,180,3
run_27_repetition_15,TODO,simple_service_client,1.0,cpp,180,1
run_28_repetition_15,TODO,simple_service_client,1.0,cpp,180,2
run_29_repetition_15,TODO,simple_service_client,1.0,cpp,180,3
run_0_repetition_16,TODO,simple_service_client,0.05,py,180,1
run_1_repetition_16,TODO,simple_service_client,0.05,py,180,2
run_2_repetition_16,TODO,simple_service_client,0.05,py,180,3
run_3_repetition_16,TODO,simple_service_client,0.05,cpp,180,1
run_4_repetition_16,TODO,simple_service_client,0.05,cpp,180,2
run_5_repetition_16,TODO,simple_service_client,0.05,cpp,180,3
run_6_repetition_16,TODO,simple_service_client,0.1,py,180,1
run_7_repetition_16,TODO,simple_service_client,0.1,py,180,2
run_8_repetition_16,TODO,simple_service_client,0.1,py,180,3
run_9_repetition_16,TODO,simple_service_client,0.1,cpp,180,1
run_10_repetition_16,TODO,simple_service_client,0.1,cpp,180,2
run_11_repetition_16,TODO,simple_service_client,0.1,cpp,180,3
run_12_repetition_16,TODO,simple_service_client,0.25,py,180,1
run_13_repetition_16,TODO,simple_service_client,0.25,py,180,2
run_14_repetition_16,TODO,simple_service_client,0.25,py,180,3
run_15_repetition_16,TODO,simple_service_client,0.25,cpp,180,1
run_16_repetition_16,TODO,simple_service_client,0.25,cpp,180,2
run_17_repetition_16,TODO,simple_service_client,0.25,cpp,180,3
run_18_repetition_16,TODO,simple_service_client,0.5,py,180,1
run_19_repetition_16,TODO,simple_service_client,0.5,py,180,2
run_20_repetition_16,TODO,simple_service_client,0.5,py,180,3
run_21_repetition_16,TODO,simple_service_client,0.5,cpp,180,1
run_22_repetition_16,TODO,simple_service_client,0.5,cpp,180,2
run_23_repetition_16,TODO,simple_service_client,0.5,cpp,180,3
run_24_repetition_16,TODO,simple_service_client,1.0,py,180,1
run_25_repetition_16,TODO,simple_service_client,1.0,py,180,2
run_26_repetition_16,TODO,simple_service_client,1.0,py,180,3
run_27_repetition_16,TODO,simple_service_client,1.0,cpp,180,1
run_28_repetition_16,TODO,simple_service_client,1.0,cpp,180,2
run_29_repetition_16,TODO,simple_service_client,1.0,cpp,180,3
run_0_repetition_17,TODO,simple_service_client,0.05,py,180,1
run_1_repetition_17,TODO,simple_service_client,0.05,py,180,2
run_2_repetition_17,TODO,simple_service_client,0.05,py,180,3
run_3_repetition_17,TODO,simple_service_client,0.05,cpp,180,1
run_4_repetition_17,TODO,simple_service_client,0.05,cpp,180,2
run_5_repetition_17,TODO,simple_service_client,0.05,cpp,180,3
run_6_repetition_17,TODO,simple_service_client,0.1,py,180,1
run_7_repetition_17,TODO,simple_service_client,0.1,py,180,2
run_8_repetition_17,TODO,simple_service_client,0.1,py,180,3
run_9_repetition_17,TODO,simple_service_client,0.1,cpp,180,1
run_10_repetition_17,TODO,simple_service_client,0.1,cpp,180,2
run_11_repetition_17,TODO,simple_service_client,0.1,cpp,180,3
run_12_repetition_17,TODO,simple_service_client,0.25,py,180,1
run_13_repetition_17,TODO,simple_service_client,0.25,py,180,2
run_14_repetition_17,TODO,simple_service_client,0.25,py,180,3
run_15_repetition_17,TODO,simple_service_client,0.25,cpp,180,1
run_16_repetition_17,TODO,simple_service_client,0.25,cpp,180,2
run_17_repetition_17,TODO,simple_service_client,0.25,cpp,180,3
run_18_repetition_17,TODO,simple_service_client,0.5,py,180,1
run_19_repetition_17,TODO,simple_service_client,0.5,py,180,2
run_20_repetition_17,TODO,simple_service_client,0.5,py,180,3
run_21_repetition_17,TODO,simple_service_client,0.5,cpp,180,1
run_22_repetition_17,TODO,simple_service_client,0.5,cpp,180,2
run_23_repetition_17,TODO,simple_service_client,0.5,cpp,180,3
run_24_repetition_17,TODO,simple_service_client,1.0,py,180,1
run_25_repetition_17,TODO,simple_service_client,1.0,py,180,2
run_26_repetition_17,TODO,simple_service_client,1.0,py,180,3
run_27_repetition_17,TODO,simple_service_client,1.0,cpp,180,1
run_28_repetition_17,TODO,simple_service_client,1.0,cpp,180,2
run_29_repetition_17,TODO,simple_service_client,1.0,cpp,180,3
run_0_repetition_18,TODO,simple_service_client,0.05,py,180,1
run_1_repetition_18,TODO,simple_service_client,0.05,py,180,2
run_2_repetition_18,TODO,simple_service_client,0.05,py,180,3
run_3_repetition_18,TODO,simple_service_client,0.05,cpp,180,1
run_4_repetition_18,TODO,simple_service_client,0.05,cpp,180,2
run_5_repetition_18,TODO,simple_service_client,0.05,cpp,180,3
run_6_repetition_18,TODO,simple_service_client,0.1,py,180,1
run_7_repetition_18,TODO,simple_service_client,0.1,py,180,2
run_8_repetition_18,TODO,simple_service_client,0.1,py,180,3
run_9_repetition_18,TODO,simple_service_client,0.1,cpp,180,1
run_10_repetition_18,TODO,simple_service_client,0.1,cpp,180,2
run_11_repetition_18,TODO,simple_service_client,0.1,cpp,180,3
run_12_repetition_18,TODO,simple_service_client,0.25,py,180,1
run_13_repetition_18,TODO,simple_service_client,0.25,py,180,2
run_14_repetition_18,TODO,simple_service_client,0.25,py,180,3
run_15_repetition_18,TODO,simple_service_client,0.25,cpp,180,1
run_16_repetition_18,TODO,simple_service_client,0.25,cpp,180,2
run_17_repetition_18,TODO,simple_service_client,0.25,cpp,180,3
run_18_repetition_18,TODO,simple_service_client,0.5,py,180,1
run_19_repetition_18,TODO,simple_service_client,0.5,py,180,2
run_20_repetition_18,TODO,simple_service_client,0.5,py,180,3
run_21_repetition_18,TODO,simple_service_client,0.5,cpp,180,1
run_22_repetition_18,TODO,simple_service_client,0.5,cpp,180,2
run_23_repetition_18,TODO,simple_service_client,0.5,cpp,180,3
run_24_repetition_18,TODO,simple_service_client,1.0,py,180,1
run_25_repetition_18,TODO,simple_service_client,1.0,py,180,2
run_26_repetition_18,TODO,simple_service_client,1.0,py,180,3
run_27_repetition_18,TODO,simple_service_client,1.0,cpp,180,1
run_28_repetition_18,TODO,simple_service_client,1.0,cpp,180,2
run_29_repetition_18,TODO,simple_service_client,1.0,cpp,180,3
run_0_repetition_19,TODO,simple_service_client,0.05,py,180,1
run_1_repetition_19,TODO,simple_service_client,0.05,py,180,2
run_2_repetition_19,TODO,simple_service_client,0.05,py,180,3
run_3_repetition_19,TODO,simple_service_client,0.05,cpp,180,1
run_4_repetition_19,TODO,simple_service_client,0.05,cpp,180,2
run_5_repetition_19,TODO,simple_service_client,0.05,cpp,180,3
run_6_repetition_19,TODO,simple_service_client,0.1,py,180,1
run_7_repetition_19,TODO,simple_service_client,0.1,py,180,2
run_8_repetition_19,TODO,simple_service_client,0.1,py,180,3
run_9_repetition_19,TODO,simple_service_client,0.1,cpp,180,1
run_10_repetition_19,TODO,simple_service_client,0.1,cpp,180,2
run_11_repetition_19,TODO,simple_service_client,0.1,cpp,180,3
run_12_repetition_19,TODO,simple_service_client,0.25,py,180,1
run_13_repetition_19,TODO,simple_service_client,0.25,py,180,2
run_14_repetition_19,TODO,simple_service_client,0.25,py,180,3
run_15_repetition_19,TODO,simple_service_client,0.25,cpp,180,1
run_16_repetition_19,TODO,simple_service_client,0.25,cpp,180,2
run_17_repetition_19,TODO,simple_service_client,0.25,cpp,180,3
run_18_repetition_19,TODO,simple_service_client,0.5,py,180,1
run_19_repetition_19,TODO,simple_service_client,0.5,py,180,2
run_20_repetition_19,TODO,simple_service_client,0.5,py,180,3
run_21_repetition_19,TODO,simple_service_client,0.5,cpp,180,1
run_22_repetition_19,TODO,simple_service_client,0.5,cpp,180,2
run_23_repetition_19,TODO,simple_service_client,0.5,cpp,180,3
run_24_repetition_19,TODO,simple_service_client,1.0,py,180,1
run_25_repetition_19,TODO,simple_service_client,1.0,py,180,2
run_26_repetition_19,TODO,simple_service_client,1.0,py,180,3
run_27_repetition_19,TODO,simple_service_client,1.0,cpp,180,1
run_28_repetition_19,TODO,simple_service_client,1.0,cpp,180,2
run_29_repetition_19,TODO,simple_service_client,1.0,cpp,180,3
